Date,Price,Open,High,Low,Vol.,Change %
9/20/2024,"2,149.29","2,150.87","2,151.92","2,131.53",,-0.25%
9/19/2024,"2,154.72","2,158.82","2,163.20","2,153.69",,-0.45%
9/18/2024,"2,164.49","2,161.21","2,166.25","2,157.84",,0.17%
9/17/2024,"2,160.86","2,166.71","2,167.42","2,158.96",,-0.43%
9/16/2024,"2,170.18","2,171.15","2,172.35","2,164.75",,0.01%
9/13/2024,"2,170.02","2,170.98","2,176.00","2,165.15",,0.14%
9/12/2024,"2,167.04","2,162.01","2,169.01","2,161.91",,0.22%
9/11/2024,"2,162.25","2,169.23","2,171.79","2,162.74",,-0.31%
9/10/2024,"2,168.94","2,171.06","2,173.65","2,167.00",,-0.13%
9/9/2024,"2,171.71","2,161.80","2,178.43","2,160.57",,0.24%
9/6/2024,"2,166.43","2,172.51","2,172.89","2,165.15",,-0.17%
9/5/2024,"2,170.11","2,179.19","2,180.21","2,168.05",,-0.22%
9/4/2024,"2,174.89","2,182.56","2,184.67","2,174.17",,-0.20%
9/3/2024,"2,179.22","2,180.58","2,188.19","2,178.89",,-0.05%
9/2/2024,"2,180.39","2,177.65","2,188.63","2,175.07",,0.08%
8/30/2024,"2,178.66","2,173.73","2,183.67","2,170.70",,0.35%
8/29/2024,"2,171.03","2,163.73","2,173.70","2,159.55",,0.34%
8/28/2024,"2,163.69","2,175.06","2,179.13","2,162.74",,-0.47%
8/27/2024,"2,174.00","2,165.52","2,181.67","2,164.78",,0.39%
8/26/2024,"2,165.61","2,177.22","2,177.43","2,148.28",,-0.35%
8/23/2024,"2,173.18","2,183.60","2,192.69","2,161.56",,-0.43%
8/22/2024,"2,182.49","2,171.00","2,193.11","2,169.95",,0.59%
8/21/2024,"2,169.59","2,164.05","2,173.87","2,162.18",,0.30%
8/20/2024,"2,163.03","2,179.79","2,180.36","2,158.51",,-0.64%
8/19/2024,"2,176.99","2,194.62","2,195.60","2,175.74",,-0.55%
8/16/2024,"2,188.96","2,186.52","2,196.06","2,184.64",,0.11%
8/15/2024,"2,186.45","2,189.33","2,196.80","2,179.98",,-0.42%
8/14/2024,"2,195.62","2,215.18","2,215.37","2,191.48",,-0.75%
8/13/2024,"2,212.13","2,222.24","2,224.73","2,205.72",,-0.48%
8/12/2024,"2,222.81","2,220.02","2,226.34","2,219.23",,0.09%
8/9/2024,"2,220.80","2,214.42","2,222.76","2,213.36",,0.31%
8/8/2024,"2,213.83","2,234.00","2,235.69","2,214.91",,-0.87%
8/7/2024,"2,233.27","2,254.10","2,255.08","2,230.41",,-1.08%
8/6/2024,"2,257.74","2,259.99","2,266.89","2,258.61",,-0.50%
8/5/2024,"2,269.09","2,265.53","2,274.45","2,254.92",,0.33%
8/2/2024,"2,261.68","2,241.02","2,263.53","2,240.34",,0.95%
8/1/2024,"2,240.29","2,254.44","2,255.23","2,239.75",,-0.49%
7/31/2024,"2,251.32","2,254.79","2,256.53","2,249.46",,0.18%
7/30/2024,"2,247.21","2,241.39","2,249.99","2,240.90",,0.25%
7/29/2024,"2,241.58","2,246.00","2,246.52","2,242.20",,-0.18%
7/26/2024,"2,245.62","2,244.17","2,254.12","2,244.17",,-0.03%
7/25/2024,"2,246.24","2,232.96","2,253.53","2,232.40",,0.65%
7/24/2024,"2,231.80","2,228.02","2,232.66","2,227.90",,0.19%
7/23/2024,"2,227.52","2,230.18","2,230.34","2,225.09",,-0.08%
7/22/2024,"2,229.23","2,225.86","2,232.86","2,225.83",,0.13%
7/19/2024,"2,226.33","2,223.34","2,232.97","2,223.00",,0.09%
7/18/2024,"2,224.24","2,218.56","2,228.61","2,218.07",,0.36%
7/17/2024,"2,216.33","2,225.89","2,226.78","2,215.68",,-0.40%
7/16/2024,"2,225.33","2,225.91","2,237.00","2,225.64",,-0.05%
7/15/2024,"2,226.43","2,222.35","2,229.03","2,221.06",,0.05%
7/12/2024,"2,225.27","2,230.45","2,230.48","2,221.10",,-0.24%
7/11/2024,"2,230.58","2,232.38","2,233.84","2,225.11",,-0.03%
7/10/2024,"2,231.25","2,233.71","2,240.41","2,231.79",,-0.11%
7/9/2024,"2,233.73","2,235.59","2,243.49","2,234.43",,-0.08%
7/8/2024,"2,235.52","2,240.00","2,240.36","2,235.03",,-0.16%
7/5/2024,"2,239.05","2,247.44","2,248.78","2,238.59",,-0.29%
7/4/2024,"2,245.65","2,251.56","2,252.06","2,244.63",,-0.23%
7/3/2024,"2,250.85","2,254.29","2,255.04","2,249.94",,-0.14%
7/2/2024,"2,254.04","2,245.10","2,255.80","2,244.85",,0.39%
7/1/2024,"2,245.34","2,253.24","2,258.35","2,244.75",,-0.32%
6/28/2024,"2,252.56","2,256.26","2,259.82","2,253.07",,-0.13%
6/27/2024,"2,255.50","2,257.39","2,260.84","2,255.26",,-0.06%
6/26/2024,"2,256.87","2,253.99","2,264.04","2,253.75",,0.13%
6/25/2024,"2,253.89","2,257.93","2,267.01","2,252.56",,-0.17%
6/24/2024,"2,257.64","2,265.51","2,268.90","2,257.55",,-0.32%
6/21/2024,"2,264.84","2,263.05","2,270.16","2,262.92",,0.11%
6/20/2024,"2,262.24","2,254.40","2,263.07","2,253.49",,0.35%
6/19/2024,"2,254.38","2,260.41","2,261.36","2,252.68",,-0.25%
6/18/2024,"2,259.95","2,260.42","2,260.75","2,260.08",,0.02%
6/17/2024,"2,259.45","2,260.59","2,260.89","2,260.14",,-0.01%
6/14/2024,"2,259.57","2,242.79","2,262.75","2,242.64",,0.76%
6/13/2024,"2,242.58","2,248.04","2,248.04","2,242.70",,-0.31%
6/12/2024,"2,249.53","2,245.95","2,250.85","2,245.48",,0.21%
6/11/2024,"2,244.81","2,244.95","2,247.74","2,244.32",,-0.03%
6/10/2024,"2,245.45","2,244.15","2,248.35","2,241.73",,0.53%
6/7/2024,"2,233.72","2,244.39","2,244.39","2,234.42",,-0.43%
6/6/2024,"2,243.46","2,247.54","2,248.55","2,243.34",,-0.12%
6/5/2024,"2,246.20","2,239.59","2,248.84","2,238.74",,0.30%
6/4/2024,"2,239.58","2,241.01","2,241.45","2,234.56",,-0.03%
6/3/2024,"2,240.25","2,243.33","2,245.21","2,236.64",,-0.13%
5/31/2024,"2,243.16","2,247.63","2,248.20","2,242.74",,-0.18%
5/30/2024,"2,247.21","2,229.27","2,248.15","2,229.20",,0.84%
5/29/2024,"2,228.43","2,220.00","2,230.69","2,219.80",,0.37%
5/28/2024,"2,220.12","2,217.34","2,221.88","2,217.30",,0.15%
5/27/2024,"2,216.70","2,208.07","2,218.56","2,207.61",,0.42%
5/24/2024,"2,207.50","2,207.58","2,208.24","2,207.22",,-0.02%
5/23/2024,"2,207.89","2,208.08","2,209.17","2,207.28",,-0.01%
5/22/2024,"2,208.08","2,209.46","2,211.50","2,205.79",,-0.05%
5/21/2024,"2,209.11","2,206.63","2,215.55","2,206.15",,0.09%
5/20/2024,"2,207.08","2,206.96","2,211.15","2,206.85",,-0.02%
5/17/2024,"2,207.55","2,203.93","2,212.85","2,203.74",,0.12%
5/16/2024,"2,204.96","2,223.08","2,223.63","2,205.41",,-0.66%
5/15/2024,"2,219.53","2,225.81","2,226.98","2,218.45",,-0.21%
5/14/2024,"2,224.13","2,222.39","2,230.21","2,221.76",,0.08%
5/13/2024,"2,222.42","2,218.92","2,224.89","2,217.97",,0.14%
5/10/2024,"2,219.30","2,221.00","2,221.39","2,220.21",,-0.06%
5/9/2024,"2,220.68","2,220.69","2,222.03","2,220.19",,0.04%
5/8/2024,"2,219.79","2,221.66","2,228.02","2,219.76",,-0.09%
5/7/2024,"2,221.85","2,220.53","2,226.59","2,220.18",,0.00%
5/6/2024,"2,221.94","2,231.13","2,231.82","2,215.95",,0.07%
5/3/2024,"2,220.35","2,219.97","2,224.46","2,219.62",,-0.62%
5/2/2024,"2,234.16","2,244.14","2,244.14","2,235.16",,-0.19%
5/1/2024,"2,238.48","2,248.14","2,248.35","2,232.73",,-0.27%
4/30/2024,"2,244.51","2,245.60","2,247.83","2,244.83",,-0.10%
4/29/2024,"2,246.77","2,237.18","2,247.76","2,236.99",,0.47%
4/26/2024,"2,236.25","2,234.76","2,239.73","2,234.10",,0.04%
4/25/2024,"2,235.34","2,229.57","2,238.90","2,229.46",,0.29%
4/24/2024,"2,228.79","2,239.02","2,239.28","2,228.18",,-0.41%
4/23/2024,"2,237.88","2,241.00","2,243.36","2,238.10",,-0.12%
4/22/2024,"2,240.47","2,244.95","2,244.95","2,237.75",,-0.17%
4/19/2024,"2,244.35","2,234.25","2,249.49","2,233.47",,0.48%
4/18/2024,"2,233.67","2,241.96","2,241.96","2,232.88",,-0.28%
4/17/2024,"2,239.86","2,235.17","2,247.78","2,234.41",,0.27%
4/16/2024,"2,233.89","2,188.39","2,240.16","2,188.39",,2.08%
4/15/2024,"2,188.30","2,189.50","2,189.59","2,188.92",,-0.01%
4/12/2024,"2,188.57","2,189.79","2,189.82","2,189.26",,0.00%
4/11/2024,"2,188.60","2,189.77","2,190.20","2,189.32",,-0.04%
4/10/2024,"2,189.51","2,190.76","2,192.23","2,190.16",,-0.02%
4/9/2024,"2,189.96","2,190.53","2,191.82","2,190.19",,-0.03%
4/8/2024,"2,190.54","2,192.01","2,192.16","2,190.27",,0.05%
4/5/2024,"2,189.51","2,199.06","2,200.24","2,190.08",,-0.31%
4/4/2024,"2,196.42","2,203.22","2,203.22","2,196.65",,-0.16%
4/3/2024,"2,199.88","2,197.71","2,203.21","2,197.40",,0.12%
4/2/2024,"2,197.29","2,197.41","2,207.17","2,196.62",,0.02%
4/1/2024,"2,196.79","2,194.48","2,202.23","2,193.72",,0.10%
3/29/2024,"2,194.62","2,194.13","2,196.18","2,193.48",,0.08%
3/28/2024,"2,192.92","2,194.08","2,199.67","2,192.79",,0.00%
3/27/2024,"2,193.01","2,187.38","2,194.78","2,184.80",,0.29%
3/26/2024,"2,186.59","2,191.36","2,191.54","2,186.38",,-0.16%
3/25/2024,"2,190.04","2,189.21","2,194.50","2,189.18",,0.37%
3/22/2024,"2,182.00","2,175.16","2,185.68","2,169.51",,0.35%
3/21/2024,"2,174.43","2,184.09","2,184.25","2,173.69",,-0.35%
3/20/2024,"2,182.10","2,183.02","2,186.69","2,182.00",,0.00%
3/19/2024,"2,182.07","2,179.75","2,185.97","2,179.66",,0.14%
3/18/2024,"2,178.93","2,166.50","2,180.96","2,166.39",,0.58%
3/15/2024,"2,166.30","2,165.27","2,173.56","2,165.17",,0.07%
3/14/2024,"2,164.85","2,166.40","2,167.57","2,164.49",,-0.07%
3/13/2024,"2,166.26","2,170.16","2,170.18","2,164.54",,-0.17%
3/12/2024,"2,170.04","2,171.92","2,173.85","2,170.82",,0.03%
3/11/2024,"2,169.40","2,168.60","2,171.37","2,167.58",,0.03%
3/8/2024,"2,168.65","2,176.65","2,176.70","2,165.88",,-0.32%
3/7/2024,"2,175.70","2,182.09","2,182.09","2,171.98",,-0.21%
3/6/2024,"2,180.29","2,190.75","2,190.82","2,179.39",,-0.47%
3/5/2024,"2,190.50","2,186.63","2,192.09","2,185.91",,0.22%
3/4/2024,"2,185.66","2,181.51","2,186.46","2,181.24",,0.23%
3/1/2024,"2,180.62","2,184.64","2,184.85","2,178.79",,-0.21%
2/29/2024,"2,185.10","2,179.35","2,187.21","2,179.35",,0.31%
2/28/2024,"2,178.26","2,172.82","2,179.70","2,172.63",,0.28%
2/27/2024,"2,172.10","2,171.54","2,175.98","2,171.36",,0.06%
2/26/2024,"2,170.74","2,167.00","2,173.26","2,166.59",,0.20%
2/23/2024,"2,166.30","2,167.02","2,169.77","2,164.59",,0.01%
2/22/2024,"2,166.12","2,174.64","2,178.00","2,166.89",,-0.35%
2/21/2024,"2,173.70","2,175.95","2,181.92","2,174.11",,-0.12%
2/20/2024,"2,176.36","2,171.78","2,177.81","2,171.50",,0.27%
2/19/2024,"2,170.50","2,171.31","2,173.76","2,170.20",,0.00%
2/16/2024,"2,170.47","2,176.24","2,179.37","2,171.38",,0.00%
2/15/2024,"2,170.47","2,166.16","2,174.16","2,161.29",,-0.12%
2/14/2024,"2,173.04","2,179.30","2,186.21","2,163.14",,0.28%
2/13/2024,"2,166.99","2,167.21","2,170.54","2,163.73",,0.00%
2/12/2024,"2,166.99","2,174.16","2,174.16","2,167.83",,-0.26%
2/9/2024,"2,172.55","2,173.23","2,174.06","2,172.31",,0.04%
2/8/2024,"2,171.74","2,174.43","2,174.51","2,172.45",,-0.02%
2/7/2024,"2,172.13","2,188.11","2,190.07","2,171.45",,-0.66%
2/6/2024,"2,186.52","2,182.74","2,189.90","2,182.30",,0.26%
2/5/2024,"2,180.92","2,175.92","2,185.73","2,175.67",,0.21%
2/2/2024,"2,176.42","2,196.44","2,196.54","2,176.77",,-0.84%
2/1/2024,"2,194.83","2,198.13","2,200.65","2,194.27",,-0.27%
1/31/2024,"2,200.69","2,198.17","2,203.57","2,196.88",,0.11%
1/30/2024,"2,198.27","2,202.85","2,203.68","2,197.85",,-0.11%
1/29/2024,"2,200.79","2,203.59","2,204.64","2,201.35",,-0.11%
1/26/2024,"2,203.11","2,205.57","2,208.11","2,202.27",,-0.14%
1/25/2024,"2,206.26","2,196.34","2,210.99","2,192.94",,0.50%
1/24/2024,"2,195.28","2,179.97","2,199.06","2,179.72",,0.80%
1/23/2024,"2,177.82","2,174.13","2,184.97","2,173.48",,0.23%
1/22/2024,"2,172.73","2,170.97","2,173.69","2,169.60",,0.13%
1/19/2024,"2,169.92","2,171.48","2,173.13","2,170.17",,0.01%
1/18/2024,"2,169.80","2,174.99","2,175.03","2,170.27",,-0.13%
1/17/2024,"2,172.58","2,167.35","2,174.60","2,166.74",,0.26%
1/16/2024,"2,166.99","2,166.76","2,172.02","2,165.91",,-0.05%
1/15/2024,"2,168.15","2,165.70","2,170.40","2,165.63",,-0.01%
1/12/2024,"2,168.36","2,169.66","2,174.72","2,168.79",,0.01%
1/11/2024,"2,168.09","2,171.93","2,174.38","2,168.77",,-0.10%
1/10/2024,"2,170.25","2,163.28","2,172.39","2,162.44",,0.28%
1/9/2024,"2,164.18","2,170.52","2,170.52","2,164.97",,-0.23%
1/8/2024,"2,169.11","2,169.75","2,171.36","2,166.87",,-0.11%
1/5/2024,"2,171.42","2,160.47","2,173.30","2,160.10",,0.40%
1/4/2024,"2,162.71","2,163.53","2,173.54","2,162.68",,-0.06%
1/3/2024,"2,163.97","2,164.83","2,171.05","2,162.80",,-0.01%
1/2/2024,"2,164.27","2,165.96","2,173.64","2,162.94",,-0.16%
1/1/2024,"2,167.65","2,167.67","2,167.67","2,167.65",,0.00%
12/29/2023,"2,167.73","2,175.51","2,178.50","2,164.48",,-0.02%
12/28/2023,"2,168.23","2,163.75","2,172.19","2,157.67",,0.38%
12/27/2023,"2,159.94","2,166.72","2,166.72","2,152.92",,-0.33%
12/26/2023,"2,167.00","2,169.56","2,169.56","2,166.31",,-0.09%
12/25/2023,"2,169.04","2,170.25","2,171.30","2,168.79",,-0.03%
12/22/2023,"2,169.59","2,173.44","2,180.43","2,164.77",,-0.19%
12/21/2023,"2,173.64","2,172.56","2,176.32","2,170.50",,0.05%
12/20/2023,"2,172.48","2,176.06","2,176.45","2,171.73",,-0.06%
12/19/2023,"2,173.70","2,173.43","2,174.81","2,168.41",,0.02%
12/18/2023,"2,173.24","2,174.29","2,183.53","2,172.90",,-0.12%
12/15/2023,"2,175.93","2,176.51","2,182.71","2,174.80",,-0.13%
12/14/2023,"2,178.87","2,195.16","2,195.75","2,166.80",,-0.16%
12/13/2023,"2,182.34","2,175.61","2,183.22","2,171.46",,0.31%
12/12/2023,"2,175.49","2,176.56","2,181.32","2,175.66",,0.02%
12/11/2023,"2,175.16","2,161.28","2,176.11","2,159.86",,0.55%
12/8/2023,"2,163.18","2,169.58","2,169.76","2,163.92",,-0.26%
12/7/2023,"2,168.78","2,163.75","2,171.15","2,163.61",,0.25%
12/6/2023,"2,163.38","2,166.60","2,167.82","2,163.54",,-0.23%
12/5/2023,"2,168.44","2,164.08","2,171.71","2,162.68",,0.26%
12/4/2023,"2,162.81","2,172.57","2,172.57","2,160.98",,-0.23%
12/1/2023,"2,167.70","2,173.78","2,178.75","2,166.97",,-0.23%
11/30/2023,"2,172.63","2,157.01","2,175.69","2,156.51",,0.68%
11/29/2023,"2,157.91","2,168.08","2,168.24","2,155.44",,-0.03%
11/28/2023,"2,158.56","2,166.09","2,168.17","2,157.44",,-0.32%
11/27/2023,"2,165.49","2,179.18","2,179.34","2,163.91",,-0.49%
11/24/2023,"2,176.07","2,177.66","2,183.48","2,175.28",,0.04%
11/23/2023,"2,175.28","2,177.65","2,185.73","2,176.36",,0.00%
11/22/2023,"2,175.28","2,163.58","2,183.88","2,161.50",,0.62%
11/21/2023,"2,161.79","2,163.56","2,172.44","2,154.45",,0.40%
11/20/2023,"2,153.27","2,151.90","2,165.73","2,135.62",,0.26%
11/17/2023,"2,147.60","2,146.36","2,150.46","2,137.38",,0.10%
11/16/2023,"2,145.46","2,142.02","2,152.22","2,140.43",,0.12%
11/15/2023,"2,142.96","2,161.47","2,162.56","2,132.39",,-0.92%
11/14/2023,"2,162.80","2,154.70","2,163.79","2,151.22",,0.46%
11/13/2023,"2,152.89","2,151.56","2,155.59","2,151.56",,0.02%
11/10/2023,"2,152.38","2,148.01","2,154.43","2,147.39",,0.18%
11/9/2023,"2,148.54","2,150.33","2,151.61","2,146.71",,-0.01%
11/8/2023,"2,148.80","2,147.79","2,152.00","2,145.50",,0.13%
11/7/2023,"2,146.03","2,135.49","2,147.27","2,130.58",,0.44%
11/6/2023,"2,136.57","2,158.56","2,160.76","2,130.44",,-0.79%
11/3/2023,"2,153.52","2,166.78","2,166.85","2,149.47",,-0.59%
11/2/2023,"2,166.28","2,178.15","2,178.34","2,163.86",,-0.49%
11/1/2023,"2,176.88","2,171.33","2,179.84","2,170.78",,0.31%
10/31/2023,"2,170.23","2,171.86","2,174.33","2,168.52",,-0.08%
10/30/2023,"2,172.01","2,179.16","2,179.29","2,170.25",,-0.26%
10/27/2023,"2,177.60","2,176.46","2,180.25","2,174.88",,0.11%
10/26/2023,"2,175.22","2,168.94","2,178.57","2,168.88",,0.34%
10/25/2023,"2,167.94","2,169.20","2,171.98","2,168.51",,0.03%
10/24/2023,"2,167.28","2,181.02","2,181.13","2,166.17",,-0.47%
10/23/2023,"2,177.42","2,170.63","2,182.16","2,169.92",,0.39%
10/20/2023,"2,168.86","2,162.97","2,171.45","2,162.60",,0.34%
10/19/2023,"2,161.49","2,151.39","2,167.28","2,150.88",,0.56%
10/18/2023,"2,149.46","2,149.46","2,155.47","2,148.96",,0.09%
10/17/2023,"2,147.61","2,150.16","2,150.75","2,147.64",,-0.08%
10/16/2023,"2,149.29","2,145.68","2,151.13","2,145.38",,0.16%
10/13/2023,"2,145.89","2,147.48","2,154.52","2,145.91",,-0.08%
10/12/2023,"2,147.57","2,150.18","2,153.75","2,148.50",,-0.07%
10/11/2023,"2,149.02","2,158.23","2,158.23","2,148.60",,-0.31%
10/10/2023,"2,155.74","2,156.48","2,158.28","2,151.70",,0.24%
10/9/2023,"2,150.55","2,137.78","2,154.17","2,137.70",,0.63%
10/6/2023,"2,137.09","2,139.29","2,141.54","2,126.48",,-0.03%
10/5/2023,"2,137.77","2,134.49","2,139.50","2,133.12",,-0.10%
10/4/2023,"2,139.82","2,139.28","2,142.92","2,138.26",,0.32%
10/3/2023,"2,132.98","2,133.81","2,138.26","2,133.81",,0.32%
10/2/2023,"2,126.13","2,121.82","2,128.47","2,121.82",,0.49%
9/29/2023,"2,115.86","2,123.54","2,124.02","2,116.69",,-0.42%
9/28/2023,"2,124.76","2,123.42","2,126.00","2,122.42",,0.13%
9/27/2023,"2,122.00","2,124.18","2,127.70","2,121.13",,0.21%
9/26/2023,"2,117.61","2,107.35","2,121.30","2,107.03",,0.59%
9/25/2023,"2,105.21","2,106.35","2,108.20","2,105.54",,-0.03%
9/22/2023,"2,105.77","2,105.61","2,108.81","2,104.98",,0.14%
9/21/2023,"2,102.89","2,109.94","2,111.18","2,103.47",,-0.31%
9/20/2023,"2,109.40","2,108.61","2,110.87","2,107.01",,0.12%
9/19/2023,"2,106.83","2,107.24","2,110.14","2,106.61",,-0.01%
9/18/2023,"2,107.10","2,108.02","2,110.81","2,106.11",,-0.13%
9/15/2023,"2,109.85","2,109.10","2,122.20","2,108.59",,0.05%
9/14/2023,"2,108.81","2,113.24","2,113.95","2,109.09",,-0.19%
9/13/2023,"2,112.93","2,105.92","2,114.39","2,105.04",,0.48%
9/12/2023,"2,102.82","2,103.00","2,107.30","2,101.40",,0.07%
9/11/2023,"2,101.36","2,092.55","2,110.81","2,092.25",,0.75%
9/8/2023,"2,085.77","2,087.20","2,089.92","2,085.39",,-0.21%
9/7/2023,"2,090.07","2,090.16","2,094.90","2,088.96",,0.04%
9/6/2023,"2,089.25","2,085.16","2,095.32","2,077.99",,0.01%
9/5/2023,"2,088.95","2,094.05","2,094.05","2,088.80",,-0.26%
9/4/2023,"2,094.45","2,098.69","2,100.27","2,095.04",,-0.16%
9/1/2023,"2,097.73","2,102.17","2,102.94","2,098.16",,0.02%
8/31/2023,"2,097.25","2,092.34","2,098.67","2,088.58",,0.31%
8/30/2023,"2,090.85","2,095.60","2,099.95","2,088.44",,-0.20%
8/29/2023,"2,094.95","2,098.11","2,099.84","2,091.70",,-0.07%
8/28/2023,"2,096.45","2,104.25","2,104.25","2,095.77",,-0.03%
8/25/2023,"2,097.11","2,094.51","2,100.83","2,093.10",,0.17%
8/24/2023,"2,093.46","2,101.81","2,101.86","2,092.97",,-0.32%
8/23/2023,"2,100.27","2,101.92","2,104.88","2,096.94",,0.08%
8/22/2023,"2,098.55","2,108.71","2,108.71","2,098.52",,-0.15%
8/21/2023,"2,101.80","2,094.77","2,106.02","2,092.39",,0.18%
8/18/2023,"2,097.95","2,103.34","2,105.84","2,095.03",,0.12%
8/17/2023,"2,095.45","2,090.92","2,099.52","2,088.53",,0.10%
8/16/2023,"2,093.44","2,104.09","2,104.22","2,093.78",,-0.56%
8/15/2023,"2,105.15","2,103.53","2,111.39","2,102.41",,-0.16%
8/14/2023,"2,108.52","2,097.93","2,113.27","2,096.73",,0.36%
8/11/2023,"2,100.86","2,102.51","2,107.47","2,101.44",,-0.08%
8/10/2023,"2,102.64","2,108.37","2,110.89","2,103.60",,-0.18%
8/9/2023,"2,106.39","2,109.66","2,111.20","2,106.74",,-0.05%
8/8/2023,"2,107.52","2,108.04","2,113.46","2,103.42",,-0.12%
8/7/2023,"2,110.03","2,110.06","2,113.87","2,108.38",,-0.22%
8/4/2023,"2,114.77","2,122.79","2,122.79","2,110.93",,-0.15%
8/3/2023,"2,117.89","2,111.89","2,119.12","2,111.20",,0.41%
8/2/2023,"2,109.23","2,108.79","2,115.56","2,107.03",,0.20%
8/1/2023,"2,105.04","2,106.36","2,110.81","2,095.92",,-0.26%
7/31/2023,"2,110.46","2,112.95","2,115.59","2,108.21",,0.00%
7/28/2023,"2,110.49","2,093.82","2,111.35","2,091.52",,0.99%
7/27/2023,"2,089.81","2,104.65","2,106.50","2,090.33",,-0.46%
7/26/2023,"2,099.53","2,095.78","2,102.13","2,090.77",,-0.01%
7/25/2023,"2,099.82","2,100.20","2,102.13","2,094.14",,0.48%
7/24/2023,"2,089.74","2,090.87","2,092.16","2,084.39",,0.03%
7/21/2023,"2,089.16","2,091.39","2,097.97","2,089.38",,0.09%
7/20/2023,"2,087.34","2,089.54","2,091.64","2,084.70",,0.65%
7/19/2023,"2,073.88","2,084.01","2,084.32","2,074.86",,-0.64%
7/18/2023,"2,087.25","2,095.34","2,095.34","2,087.70",,-0.19%
7/17/2023,"2,091.18","2,090.83","2,095.60","2,088.27",,-0.13%
7/14/2023,"2,093.86","2,096.97","2,098.32","2,089.59",,0.07%
7/13/2023,"2,092.42","2,103.49","2,104.45","2,084.52",,-0.52%
7/12/2023,"2,103.39","2,104.72","2,107.55","2,093.83",,0.22%
7/11/2023,"2,098.76","2,104.24","2,106.05","2,098.38",,-0.07%
7/10/2023,"2,100.21","2,096.36","2,103.61","2,094.61",,0.25%
7/7/2023,"2,095.02","2,078.91","2,096.36","2,076.81",,1.00%
7/6/2023,"2,074.20","2,071.30","2,080.32","2,071.21",,0.16%
7/5/2023,"2,070.80","2,078.71","2,078.75","2,070.83",,-0.33%
7/4/2023,"2,077.70","2,075.88","2,079.44","2,075.30",,0.17%
7/3/2023,"2,074.16","2,073.06","2,075.95","2,070.45",,0.36%
6/30/2023,"2,066.65","2,065.39","2,070.01","2,062.54",,0.00%
6/29/2023,"2,066.59","2,073.45","2,074.23","2,066.86",,-0.11%
6/28/2023,"2,068.93","2,074.93","2,076.01","2,066.58",,-0.33%
6/27/2023,"2,075.86","2,078.39","2,082.25","2,076.15",,0.11%
6/26/2023,"2,073.55","2,080.94","2,085.54","2,074.18",,-0.67%
6/23/2023,"2,087.45","2,084.43","2,090.27","2,084.43",,0.37%
6/22/2023,"2,079.79","2,079.90","2,082.33","2,075.36",,-0.03%
6/21/2023,"2,080.49","2,087.03","2,090.50","2,073.05",,-0.35%
6/20/2023,"2,087.89","2,091.11","2,098.53","2,088.18",,-0.24%
6/19/2023,"2,092.99","2,092.46","2,098.25","2,089.85",,-0.07%
6/16/2023,"2,094.56","2,095.85","2,101.75","2,091.84",,-0.14%
6/15/2023,"2,097.58","2,076.82","2,099.01","2,075.58",,0.91%
6/14/2023,"2,078.57","2,074.34","2,084.44","2,073.55",,0.32%
6/13/2023,"2,071.97","2,076.18","2,080.76","2,073.09",,-0.34%
6/12/2023,"2,079.05","2,079.67","2,086.20","2,076.65",,-0.08%
6/9/2023,"2,080.70","2,092.72","2,098.00","2,080.69",,-0.60%
6/8/2023,"2,093.20","2,084.54","2,094.47","2,083.23",,0.33%
6/7/2023,"2,086.28","2,092.11","2,092.33","2,086.72",,0.00%
6/6/2023,"2,086.38","2,092.57","2,093.23","2,085.36",,-0.43%
6/5/2023,"2,095.30","2,110.08","2,113.13","2,089.97",,-0.91%
6/2/2023,"2,114.46","2,110.68","2,124.43","2,110.36",,0.12%
6/1/2023,"2,111.90","2,109.99","2,113.93","2,104.05",,0.24%
5/31/2023,"2,106.88","2,113.32","2,114.27","2,100.00",,-0.41%
5/30/2023,"2,115.58","2,116.46","2,118.70","2,109.25",,0.00%
5/29/2023,"2,115.49","2,117.70","2,120.15","2,114.39",,-0.01%
5/26/2023,"2,115.65","2,111.91","2,123.76","2,111.66",,0.22%
5/25/2023,"2,111.02","2,108.45","2,119.05","2,107.68",,0.09%
5/24/2023,"2,109.03","2,105.48","2,117.22","2,105.39",,0.06%
5/23/2023,"2,107.69","2,115.24","2,115.24","2,106.58",,-0.36%
5/22/2023,"2,115.40","2,126.29","2,127.09","2,116.30",,-0.61%
5/19/2023,"2,128.45","2,106.76","2,131.42","2,105.71",,0.79%
5/18/2023,"2,111.82","2,124.00","2,124.51","2,110.53",,-0.53%
5/17/2023,"2,123.10","2,120.50","2,129.57","2,119.13",,0.01%
5/16/2023,"2,122.86","2,128.73","2,129.86","2,123.45",,-0.23%
5/15/2023,"2,127.86","2,119.78","2,132.00","2,119.34",,0.43%
5/12/2023,"2,118.84","2,118.26","2,126.17","2,118.26",,0.03%
5/11/2023,"2,118.14","2,123.89","2,125.38","2,118.58",,-0.22%
5/10/2023,"2,122.72","2,127.80","2,130.70","2,123.79",,-0.23%
5/9/2023,"2,127.61","2,125.17","2,133.55","2,122.50",,0.09%
5/8/2023,"2,125.77","2,122.97","2,129.16","2,120.20",,0.14%
5/5/2023,"2,122.70","2,125.89","2,125.92","2,120.15",,-0.09%
5/4/2023,"2,124.56","2,129.80","2,130.61","2,112.06",,0.05%
5/3/2023,"2,123.47","2,127.79","2,129.96","2,124.39",,-0.14%
5/2/2023,"2,126.37","2,118.75","2,128.51","2,118.75",,0.19%
5/1/2023,"2,122.37","2,122.37","2,122.37","2,122.37",,0.05%
4/28/2023,"2,121.30","2,125.86","2,127.33","2,115.52",,-0.06%
4/27/2023,"2,122.59","2,140.34","2,141.50","2,121.44",,-0.85%
4/26/2023,"2,140.74","2,142.45","2,157.22","2,141.38",,0.01%
4/25/2023,"2,140.49","2,154.11","2,154.11","2,141.01",,-0.52%
4/24/2023,"2,151.66","2,154.89","2,154.89","2,149.43",,-0.03%
4/21/2023,"2,152.28","2,158.63","2,158.88","2,152.52",,-0.31%
4/20/2023,"2,158.92","2,154.89","2,160.37","2,152.73",,0.18%
4/19/2023,"2,154.94","2,158.96","2,159.04","2,151.09",,-0.15%
4/18/2023,"2,158.07","2,150.89","2,162.97","2,150.89",,0.44%
4/17/2023,"2,148.67","2,137.05","2,153.78","2,136.28",,0.51%
4/14/2023,"2,137.86","2,150.54","2,154.06","2,138.68",,-0.44%
4/13/2023,"2,147.39","2,165.59","2,166.70","2,144.35",,-0.73%
4/12/2023,"2,163.16","2,160.07","2,166.07","2,154.35",,0.12%
4/11/2023,"2,160.61","2,162.96","2,168.72","2,159.90",,-0.19%
4/10/2023,"2,164.77","2,167.22","2,171.97","2,164.84",,-0.22%
4/7/2023,"2,169.52","2,167.56","2,171.85","2,167.56",,0.06%
4/6/2023,"2,168.22","2,168.40","2,176.36","2,167.12",,0.01%
4/5/2023,"2,168.10","2,169.03","2,173.39","2,165.76",,0.17%
4/4/2023,"2,164.47","2,176.30","2,176.34","2,162.21",,-0.51%
4/3/2023,"2,175.49","2,179.79","2,180.45","2,171.69",,-0.29%
3/31/2023,"2,181.82","2,196.80","2,198.41","2,180.29",,-0.33%
3/30/2023,"2,189.06","2,185.56","2,189.80","2,180.85",,0.12%
3/29/2023,"2,186.41","2,198.54","2,198.54","2,186.28",,-0.35%
3/28/2023,"2,194.02","2,205.54","2,207.96","2,189.77",,-0.30%
3/27/2023,"2,200.62","2,204.43","2,208.11","2,200.02",,-0.23%
3/24/2023,"2,205.72","2,244.18","2,244.31","2,202.49",,-1.92%
3/23/2023,"2,248.94","2,238.43","2,251.12","2,237.68",,0.88%
3/22/2023,"2,229.29","2,230.76","2,231.25","2,225.98",,0.07%
3/21/2023,"2,227.71","2,231.98","2,234.33","2,228.30",,-0.18%
3/20/2023,"2,231.83","2,230.70","2,234.08","2,226.88",,0.22%
3/17/2023,"2,226.96","2,231.04","2,237.25","2,226.25",,-0.06%
3/16/2023,"2,228.26","2,228.60","2,233.32","2,226.37",,0.21%
3/15/2023,"2,223.51","2,233.92","2,236.08","2,223.81",,-0.61%
3/14/2023,"2,237.09","2,239.62","2,244.66","2,234.25",,-0.27%
3/13/2023,"2,243.15","2,233.16","2,247.28","2,225.24",,0.36%
3/10/2023,"2,235.17","2,214.73","2,238.49","2,214.56",,0.98%
3/9/2023,"2,213.45","2,216.64","2,217.75","2,211.78",,-0.25%
3/8/2023,"2,219.03","2,201.33","2,222.30","2,200.27",,0.72%
3/7/2023,"2,203.16","2,203.69","2,217.65","2,203.18",,-0.14%
3/6/2023,"2,206.19","2,214.64","2,216.93","2,205.37",,-0.33%
3/3/2023,"2,213.46","2,215.47","2,220.46","2,213.46",,0.25%
3/2/2023,"2,207.88","2,214.13","2,218.84","2,208.52",,-0.37%
3/1/2023,"2,216.08","2,200.93","2,220.10","2,198.61",,0.80%
2/28/2023,"2,198.49","2,198.39","2,205.00","2,193.22",,0.05%
2/27/2023,"2,197.35","2,186.92","2,199.47","2,186.84",,0.45%
2/24/2023,"2,187.41","2,196.57","2,200.61","2,187.38",,-0.48%
2/23/2023,"2,197.95","2,204.40","2,207.01","2,198.86",,-0.32%
2/22/2023,"2,204.91","2,206.32","2,208.95","2,203.77",,-0.14%
2/21/2023,"2,208.08","2,207.76","2,211.26","2,207.36",,-0.11%
2/20/2023,"2,210.41","2,213.60","2,213.95","2,208.08",,-0.11%
2/17/2023,"2,212.84","2,206.86","2,213.67","2,204.18",,0.21%
2/16/2023,"2,208.18","2,219.73","2,221.15","2,206.86",,-0.42%
2/15/2023,"2,217.39","2,221.39","2,223.96","2,217.95",,-0.09%
2/14/2023,"2,219.47","2,229.41","2,230.60","2,218.98",,-0.28%
2/13/2023,"2,225.77","2,215.09","2,230.25","2,214.98",,0.21%
2/10/2023,"2,221.08","2,223.31","2,229.69","2,221.09",,-0.16%
2/9/2023,"2,224.68","2,223.94","2,230.32","2,223.12",,0.09%
2/8/2023,"2,222.79","2,235.68","2,236.58","2,223.81",,-0.25%
2/7/2023,"2,228.31","2,220.61","2,236.33","2,220.58",,0.67%
2/6/2023,"2,213.56","2,188.95","2,223.52","2,188.95",,0.74%
2/3/2023,"2,197.30","2,206.78","2,213.12","2,194.75",,-0.50%
2/2/2023,"2,208.38","2,232.79","2,232.90","2,208.31",,-0.52%
2/1/2023,"2,220.01","2,222.29","2,223.61","2,217.48",,0.08%
1/31/2023,"2,218.26","2,214.56","2,221.54","2,214.56",,0.07%
1/30/2023,"2,216.71","2,219.09","2,221.84","2,213.42",,0.43%
1/27/2023,"2,207.32","2,206.50","2,210.33","2,204.07",,0.23%
1/26/2023,"2,202.17","2,205.76","2,209.08","2,199.14",,-0.10%
1/25/2023,"2,204.38","2,199.87","2,207.24","2,198.40",,0.50%
1/24/2023,"2,193.32","2,216.08","2,217.55","2,193.82",,-1.29%
1/23/2023,"2,221.98","2,222.27","2,222.27","2,221.98",,0.06%
1/20/2023,"2,220.58","2,231.77","2,234.82","2,221.88",,-0.29%
1/19/2023,"2,227.14","2,229.42","2,234.63","2,224.73",,-0.32%
1/18/2023,"2,234.19","2,236.25","2,243.69","2,224.78",,-0.15%
1/17/2023,"2,237.47","2,234.28","2,245.34","2,226.66",,0.20%
1/16/2023,"2,233.11","2,261.07","2,262.74","2,233.69",,-1.10%
1/13/2023,"2,258.02","2,281.06","2,283.76","2,249.33",,-0.75%
1/12/2023,"2,275.03","2,292.33","2,292.33","2,263.07",,-0.49%
1/11/2023,"2,286.22","2,295.30","2,297.69","2,284.13",,-0.45%
1/10/2023,"2,296.46","2,303.34","2,307.99","2,293.98",,-0.04%
1/9/2023,"2,297.42","2,293.83","2,303.65","2,285.61",,0.54%
1/6/2023,"2,285.09","2,269.11","2,286.79","2,268.79",,0.80%
1/5/2023,"2,266.85","2,263.97","2,272.97","2,260.17",,0.22%
1/4/2023,"2,261.97","2,259.36","2,268.45","2,258.04",,0.32%
1/3/2023,"2,254.75","2,252.24","2,267.97","2,247.85",,-0.08%
1/2/2023,"2,256.52","2,245.39","2,258.94","2,243.94",,0.03%
12/30/2022,"2,255.80","2,249.80","2,258.40","2,233.72",,0.36%
12/29/2022,"2,247.67","2,249.48","2,260.28","2,246.25",,-0.07%
12/28/2022,"2,249.28","2,249.39","2,256.48","2,239.67",,-0.03%
12/27/2022,"2,249.94","2,245.13","2,252.25","2,242.05",,0.24%
12/26/2022,"2,244.59","2,230.52","2,248.21","2,229.77",,0.67%
12/23/2022,"2,229.75","2,226.65","2,235.68","2,226.53",,-0.02%
12/22/2022,"2,230.17","2,235.92","2,236.98","2,231.02",,-0.09%
12/21/2022,"2,232.17","2,239.97","2,241.28","2,231.92",,-0.36%
12/20/2022,"2,240.19","2,234.28","2,241.74","2,231.46",,0.30%
12/19/2022,"2,233.54","2,237.83","2,240.51","2,233.78",,-0.09%
12/16/2022,"2,235.59","2,236.79","2,245.17","2,233.85",,-0.13%
12/15/2022,"2,238.39","2,244.48","2,247.80","2,237.33",,-0.18%
12/14/2022,"2,242.52","2,252.00","2,253.05","2,234.06",,-0.50%
12/13/2022,"2,253.82","2,236.77","2,254.59","2,236.09",,0.65%
12/12/2022,"2,239.24","2,231.57","2,242.82","2,230.20",,0.03%
12/9/2022,"2,238.50","2,246.84","2,249.54","2,237.89",,-0.11%
12/8/2022,"2,241.07","2,242.74","2,243.79","2,234.09",,-0.05%
12/7/2022,"2,242.12","2,233.75","2,242.98","2,232.40",,0.49%
12/6/2022,"2,231.19","2,221.98","2,236.08","2,220.15",,0.46%
12/5/2022,"2,221.03","2,211.96","2,227.01","2,202.22",,1.08%
12/2/2022,"2,197.29","2,207.14","2,215.01","2,180.33",,-0.49%
12/1/2022,"2,208.19","2,233.02","2,233.40","2,194.77",,-0.37%
11/30/2022,"2,216.43","2,199.56","2,225.20","2,195.55",,0.85%
11/29/2022,"2,197.77","2,180.75","2,199.06","2,180.27",,0.79%
11/28/2022,"2,180.61","2,168.27","2,187.08","2,164.75",,-0.27%
11/25/2022,"2,186.56","2,186.62","2,193.38","2,181.17",,-0.13%
11/24/2022,"2,189.40","2,194.33","2,197.70","2,188.75",,-0.01%
11/23/2022,"2,189.72","2,197.78","2,198.32","2,187.03",,-0.37%
11/22/2022,"2,197.87","2,194.24","2,200.83","2,191.41",,0.26%
11/21/2022,"2,192.11","2,193.81","2,195.22","2,187.97",,-0.49%
11/18/2022,"2,202.95","2,193.58","2,206.27","2,188.83",,0.69%
11/17/2022,"2,187.82","2,199.08","2,202.24","2,186.16",,-0.53%
11/16/2022,"2,199.38","2,204.02","2,210.39","2,197.00",,-0.26%
11/15/2022,"2,205.11","2,202.25","2,218.53","2,197.76",,0.58%
11/14/2022,"2,192.31","2,187.98","2,209.80","2,184.99",,0.63%
11/11/2022,"2,178.62","2,183.25","2,188.34","2,157.66",,-0.16%
11/10/2022,"2,182.20","2,158.40","2,184.31","2,155.28",,0.95%
11/9/2022,"2,161.60","2,169.97","2,169.97","2,155.65",,-0.15%
11/8/2022,"2,164.83","2,174.06","2,176.65","2,160.14",,-0.30%
11/7/2022,"2,171.42","2,180.78","2,184.34","2,165.48",,-0.81%
11/4/2022,"2,189.19","2,149.76","2,192.31","2,146.71",,1.86%
11/3/2022,"2,149.12","2,146.43","2,149.83","2,140.10",,0.15%
11/2/2022,"2,145.80","2,146.73","2,153.81","2,145.46",,0.00%
11/1/2022,"2,145.70","2,129.92","2,154.03","2,123.36",,0.50%
10/31/2022,"2,135.04","2,141.29","2,147.53","2,135.45",,-0.37%
10/28/2022,"2,143.07","2,151.47","2,157.17","2,141.31",,-0.40%
10/27/2022,"2,151.65","2,170.59","2,173.86","2,150.90",,-0.84%
10/26/2022,"2,169.93","2,143.64","2,172.63","2,133.69",,0.99%
10/25/2022,"2,148.56","2,136.64","2,151.75","2,132.89",,0.13%
10/24/2022,"2,145.78","2,157.88","2,158.36","2,145.58",,-0.50%
10/21/2022,"2,156.58","2,151.75","2,158.68","2,148.56",,0.01%
10/20/2022,"2,156.33","2,143.94","2,158.80","2,136.70",,0.61%
10/19/2022,"2,143.30","2,147.69","2,148.66","2,143.24",,-0.16%
10/18/2022,"2,146.69","2,153.44","2,154.40","2,147.18",,-0.21%
10/17/2022,"2,151.20","2,148.12","2,153.65","2,144.79",,0.31%
10/14/2022,"2,144.60","2,142.30","2,148.36","2,137.07",,0.12%
10/13/2022,"2,141.93","2,140.48","2,143.08","2,126.76",,0.12%
10/12/2022,"2,139.29","2,137.36","2,148.69","2,137.22",,-0.15%
10/11/2022,"2,142.46","2,141.34","2,144.98","2,132.47",,0.14%
10/10/2022,"2,139.52","2,145.16","2,152.05","2,140.22",,-0.13%
10/7/2022,"2,142.31","2,139.20","2,144.81","2,138.92",,0.43%
10/6/2022,"2,133.17","2,136.74","2,137.57","2,133.71",,-0.03%
10/5/2022,"2,133.88","2,133.57","2,138.84","2,129.92",,-0.36%
10/4/2022,"2,141.60","2,147.63","2,151.84","2,141.30",,-0.36%
10/3/2022,"2,149.33","2,142.36","2,151.14","2,142.36",,0.49%
9/30/2022,"2,138.79","2,142.10","2,149.77","2,128.12",,-0.06%
9/29/2022,"2,140.13","2,132.69","2,142.66","2,113.96",,1.00%
9/28/2022,"2,118.86","2,100.78","2,119.81","2,094.54",,0.61%
9/27/2022,"2,105.91","2,120.54","2,120.54","2,106.59",,-0.64%
9/26/2022,"2,119.42","2,106.74","2,120.55","2,102.08",,0.51%
9/23/2022,"2,108.67","2,118.95","2,119.21","2,108.77",,-0.58%
9/22/2022,"2,121.06","2,116.76","2,126.95","2,114.19",,-0.28%
9/21/2022,"2,126.92","2,134.78","2,135.18","2,126.19",,-0.34%
9/20/2022,"2,134.21","2,136.57","2,138.26","2,133.83",,-0.12%
9/19/2022,"2,136.75","2,137.37","2,139.84","2,133.36",,-0.24%
9/16/2022,"2,141.83","2,126.54","2,142.21","2,122.47",,0.59%
9/15/2022,"2,129.23","2,140.50","2,142.31","2,129.35",,-0.53%
9/14/2022,"2,140.60","2,131.68","2,146.06","2,129.75",,-0.16%
9/13/2022,"2,143.94","2,144.50","2,148.69","2,142.18",,0.10%
9/12/2022,"2,141.72","2,139.97","2,153.75","2,138.89",,0.08%
9/9/2022,"2,139.99","2,144.53","2,144.68","2,137.19",,-0.02%
9/8/2022,"2,140.42","2,144.48","2,144.66","2,138.05",,-0.01%
9/7/2022,"2,140.71","2,137.07","2,142.44","2,126.50",,0.04%
9/6/2022,"2,139.94","2,149.18","2,150.42","2,137.11",,-0.40%
9/5/2022,"2,148.43","2,157.25","2,157.25","2,146.33",,-0.45%
9/2/2022,"2,158.23","2,154.95","2,159.58","2,153.29",,0.19%
9/1/2022,"2,154.21","2,149.06","2,158.94","2,148.53",,0.04%
8/31/2022,"2,153.28","2,148.36","2,155.92","2,146.34",,0.32%
8/30/2022,"2,146.43","2,156.03","2,156.84","2,146.22",,-0.43%
8/29/2022,"2,155.76","2,144.64","2,157.59","2,142.10",,0.00%
8/26/2022,"2,155.85","2,164.68","2,164.68","2,155.87",,-0.34%
8/25/2022,"2,163.25","2,169.02","2,169.02","2,161.51",,-0.02%
8/24/2022,"2,163.68","2,167.96","2,168.77","2,161.32",,-0.29%
8/23/2022,"2,169.94","2,174.60","2,176.56","2,161.82",,-0.15%
8/22/2022,"2,173.12","2,174.38","2,182.23","2,172.54",,-0.14%
8/19/2022,"2,176.18","2,185.72","2,185.72","2,175.91",,-0.41%
8/18/2022,"2,185.16","2,177.79","2,186.52","2,176.98",,0.36%
8/17/2022,"2,177.28","2,175.45","2,181.69","2,175.45",,0.11%
8/16/2022,"2,174.84","2,171.45","2,177.82","2,169.86",,-0.03%
8/15/2022,"2,175.49","2,175.30","2,180.48","2,172.25",,0.03%
8/12/2022,"2,174.85","2,189.48","2,189.92","2,175.10",,-0.65%
8/11/2022,"2,189.03","2,211.86","2,211.86","2,189.47",,-1.01%
8/10/2022,"2,211.32","2,199.51","2,212.10","2,198.28",,0.56%
8/9/2022,"2,199.09","2,203.88","2,203.88","2,197.90",,-0.20%
8/8/2022,"2,203.48","2,202.89","2,209.49","2,199.68",,0.08%
8/5/2022,"2,201.65","2,214.96","2,214.96","2,202.19",,-0.46%
8/4/2022,"2,211.82","2,208.88","2,212.88","2,206.87",,0.25%
8/3/2022,"2,206.24","2,203.98","2,211.79","2,203.46",,0.09%
8/2/2022,"2,204.26","2,195.09","2,216.51","2,192.84",,0.36%
8/1/2022,"2,196.39","2,198.27","2,205.21","2,195.19",,-0.10%
7/29/2022,"2,198.63","2,214.10","2,214.69","2,196.71",,-0.63%
7/28/2022,"2,212.51","2,226.64","2,228.56","2,211.60",,-0.36%
7/27/2022,"2,220.41","2,217.55","2,223.83","2,206.40",,0.17%
7/26/2022,"2,216.59","2,223.40","2,223.40","2,213.42",,-0.19%
7/25/2022,"2,220.82","2,223.24","2,223.81","2,215.42",,-0.12%
7/22/2022,"2,223.49","2,222.82","2,225.72","2,218.00",,0.12%
7/21/2022,"2,220.74","2,216.06","2,223.62","2,215.84",,0.15%
7/20/2022,"2,217.47","2,222.18","2,222.18","2,217.53",,-0.11%
7/19/2022,"2,219.83","2,220.68","2,222.84","2,217.95",,-0.07%
7/18/2022,"2,221.37","2,221.74","2,225.71","2,214.21",,0.15%
7/15/2022,"2,217.98","2,220.55","2,224.54","2,213.19",,-0.01%
7/14/2022,"2,218.11","2,228.00","2,230.42","2,215.40",,-0.53%
7/13/2022,"2,229.94","2,227.65","2,231.72","2,223.61",,0.09%
7/12/2022,"2,227.86","2,228.63","2,230.70","2,223.56",,-0.01%
7/11/2022,"2,228.01","2,236.00","2,236.54","2,227.59",,-0.38%
7/8/2022,"2,236.41","2,238.71","2,240.22","2,231.71",,-0.02%
7/7/2022,"2,236.89","2,234.38","2,238.96","2,230.61",,0.08%
7/6/2022,"2,235.06","2,231.50","2,241.56","2,231.48",,0.24%
7/5/2022,"2,229.74","2,235.13","2,241.13","2,228.66",,-0.16%
7/4/2022,"2,233.38","2,229.58","2,238.63","2,228.10",,0.24%
7/1/2022,"2,228.11","2,225.50","2,233.98","2,215.77",,0.23%
6/30/2022,"2,222.97","2,214.51","2,226.93","2,213.79",,0.31%
6/29/2022,"2,216.17","2,212.50","2,220.35","2,210.65",,0.23%
6/28/2022,"2,211.18","2,210.48","2,221.70","2,208.13",,0.01%
6/27/2022,"2,211.03","2,220.15","2,220.74","2,209.99",,-0.33%
6/24/2022,"2,218.39","2,216.34","2,221.42","2,213.50",,0.18%
6/23/2022,"2,214.51","2,217.54","2,217.85","2,208.07",,-0.09%
6/22/2022,"2,216.57","2,209.84","2,220.19","2,203.81",,0.14%
6/21/2022,"2,213.42","2,219.25","2,222.48","2,209.08",,-0.08%
6/20/2022,"2,215.09","2,209.35","2,224.00","2,207.74",,0.39%
6/17/2022,"2,206.39","2,204.72","2,215.66","2,198.38",,0.18%
6/16/2022,"2,202.45","2,202.40","2,203.32","2,194.97",,0.34%
6/15/2022,"2,194.95","2,184.61","2,199.41","2,184.61",,0.71%
6/14/2022,"2,179.46","2,171.50","2,189.20","2,171.13",,0.32%
6/13/2022,"2,172.52","2,159.37","2,182.28","2,155.01",,0.18%
6/10/2022,"2,168.53","2,176.45","2,181.38","2,165.36",,-0.32%
6/9/2022,"2,175.41","2,164.87","2,185.42","2,162.64",,0.36%
6/8/2022,"2,167.54","2,168.21","2,173.05","2,163.90",,0.07%
6/7/2022,"2,166.04","2,167.50","2,171.40","2,164.47",,-0.25%
6/6/2022,"2,171.46","2,173.72","2,177.22","2,169.35",,0.20%
6/3/2022,"2,167.09","2,167.32","2,169.95","2,165.07",,-0.31%
6/2/2022,"2,173.85","2,178.54","2,179.60","2,162.48",,-0.30%
6/1/2022,"2,180.35","2,186.86","2,188.01","2,176.00",,-0.22%
5/31/2022,"2,185.09","2,182.43","2,193.98","2,179.40",,-0.01%
5/30/2022,"2,185.24","2,174.91","2,189.59","2,173.66",,0.44%
5/27/2022,"2,175.67","2,167.12","2,178.35","2,161.44",,0.23%
5/26/2022,"2,170.69","2,186.70","2,186.70","2,167.48",,-0.68%
5/25/2022,"2,185.54","2,200.48","2,202.02","2,184.16",,-0.76%
5/24/2022,"2,202.27","2,202.80","2,204.39","2,192.85",,-0.13%
5/23/2022,"2,205.19","2,194.47","2,208.28","2,187.78",,0.76%
5/20/2022,"2,188.59","2,191.62","2,197.57","2,172.85",,-0.21%
5/19/2022,"2,193.11","2,172.10","2,195.26","2,170.53",,0.88%
5/18/2022,"2,173.95","2,172.74","2,179.88","2,168.59",,0.08%
5/17/2022,"2,172.30","2,155.78","2,178.90","2,155.65",,0.96%
5/16/2022,"2,151.63","2,155.88","2,157.64","2,147.71",,0.00%
5/13/2022,"2,151.69","2,149.25","2,158.65","2,142.69",,0.07%
5/12/2022,"2,150.12","2,162.27","2,164.05","2,147.36",,-0.68%
5/11/2022,"2,164.76","2,161.80","2,169.36","2,160.05",,0.17%
5/10/2022,"2,161.10","2,162.59","2,173.07","2,158.61",,-0.04%
5/9/2022,"2,162.06","2,162.36","2,169.82","2,160.83",,-0.54%
5/6/2022,"2,173.82","2,176.68","2,177.00","2,165.15",,-0.15%
5/5/2022,"2,177.08","2,199.58","2,199.58","2,178.11",,-0.76%
5/4/2022,"2,193.69","2,193.72","2,193.79","2,193.66",,0.00%
5/3/2022,"2,193.72","2,193.69","2,193.92","2,193.56",,0.00%
5/2/2022,"2,193.69","2,193.69","2,193.92","2,193.66",,0.02%
4/29/2022,"2,193.22","2,191.55","2,201.80","2,179.51",,0.28%
4/28/2022,"2,187.07","2,198.24","2,204.75","2,186.28",,-0.48%
4/27/2022,"2,197.63","2,196.38","2,203.01","2,196.25",,0.01%
4/26/2022,"2,197.32","2,203.62","2,206.59","2,197.20",,-0.28%
4/25/2022,"2,203.44","2,203.75","2,213.69","2,195.16",,-0.21%
4/22/2022,"2,208.07","2,223.34","2,224.19","2,206.50",,-0.68%
4/21/2022,"2,223.27","2,237.71","2,240.22","2,222.50",,-0.57%
4/20/2022,"2,236.12","2,237.30","2,243.71","2,235.77",,-0.26%
4/19/2022,"2,241.95","2,253.61","2,254.30","2,241.19",,-0.48%
4/18/2022,"2,252.86","2,249.56","2,255.39","2,249.41",,0.08%
4/15/2022,"2,250.98","2,249.08","2,252.76","2,249.00",,0.12%
4/14/2022,"2,248.37","2,256.04","2,257.58","2,247.57",,-0.30%
4/13/2022,"2,255.13","2,255.24","2,257.45","2,254.22",,-0.01%
4/12/2022,"2,255.38","2,254.20","2,257.13","2,253.06",,0.07%
4/11/2022,"2,253.69","2,256.15","2,257.82","2,253.36",,-0.04%
4/8/2022,"2,254.67","2,256.71","2,260.21","2,254.93",,-0.06%
4/7/2022,"2,255.99","2,256.70","2,258.92","2,255.42",,-0.03%
4/6/2022,"2,256.76","2,251.39","2,258.74","2,249.90",,0.11%
4/5/2022,"2,254.19","2,253.62","2,255.74","2,253.23",,-0.06%
4/4/2022,"2,255.45","2,257.55","2,258.73","2,255.35",,-0.08%
4/1/2022,"2,257.33","2,265.33","2,265.60","2,256.74",,-0.38%
3/31/2022,"2,266.00","2,259.27","2,267.45","2,255.73",,0.32%
3/30/2022,"2,258.87","2,257.30","2,260.25","2,253.74",,0.15%
3/29/2022,"2,255.43","2,254.94","2,258.21","2,253.02",,0.08%
3/28/2022,"2,253.61","2,247.99","2,256.00","2,246.69",,0.05%
3/25/2022,"2,252.38","2,254.22","2,256.00","2,251.85",,0.00%
3/24/2022,"2,252.34","2,250.25","2,255.39","2,249.28",,0.06%
3/23/2022,"2,250.97","2,255.53","2,256.05","2,248.67",,-0.17%
3/22/2022,"2,254.79","2,253.83","2,258.69","2,252.84",,-0.03%
3/21/2022,"2,255.54","2,255.84","2,257.88","2,251.25",,0.06%
3/18/2022,"2,254.19","2,252.46","2,258.06","2,251.21",,0.07%
3/17/2022,"2,252.64","2,255.61","2,257.11","2,246.50",,0.02%
3/16/2022,"2,252.30","2,249.45","2,256.77","2,247.04",,0.18%
3/15/2022,"2,248.29","2,251.52","2,251.52","2,241.97",,-0.05%
3/14/2022,"2,249.36","2,253.20","2,257.71","2,250.69",,-0.26%
3/11/2022,"2,255.27","2,257.89","2,264.39","2,255.81",,-0.11%
3/10/2022,"2,257.77","2,271.31","2,271.94","2,255.96",,-0.56%
3/9/2022,"2,270.46","2,279.02","2,280.32","2,269.85",,-0.32%
3/8/2022,"2,277.83","2,281.04","2,282.61","2,277.58",,-0.03%
3/7/2022,"2,278.48","2,274.42","2,281.33","2,274.32",,0.12%
3/4/2022,"2,275.71","2,276.29","2,278.71","2,273.55",,0.00%
3/3/2022,"2,275.82","2,276.67","2,278.40","2,275.43",,0.01%
3/2/2022,"2,275.68","2,270.84","2,280.33","2,270.70",,0.22%
3/1/2022,"2,270.78","2,277.93","2,278.01","2,269.92",,-0.25%
2/28/2022,"2,276.51","2,273.48","2,278.79","2,273.24",,0.13%
2/25/2022,"2,273.63","2,274.61","2,276.90","2,272.00",,0.08%
2/24/2022,"2,271.72","2,268.02","2,277.80","2,267.91",,0.10%
2/23/2022,"2,269.42","2,270.33","2,271.52","2,266.50",,-0.01%
2/22/2022,"2,269.76","2,260.60","2,271.93","2,258.11",,0.39%
2/21/2022,"2,260.89","2,264.38","2,271.07","2,260.45",,-0.16%
2/18/2022,"2,264.43","2,259.69","2,266.59","2,259.21",,0.27%
2/17/2022,"2,258.35","2,251.53","2,262.14","2,250.42",,0.46%
2/16/2022,"2,248.00","2,256.42","2,257.14","2,247.67",,-0.34%
2/15/2022,"2,255.56","2,254.80","2,256.70","2,246.40",,0.12%
2/14/2022,"2,252.89","2,258.46","2,258.46","2,251.41",,-0.23%
2/11/2022,"2,258.03","2,255.97","2,258.92","2,254.28",,0.08%
2/10/2022,"2,256.28","2,256.94","2,258.04","2,253.73",,0.02%
2/9/2022,"2,255.83","2,261.35","2,261.73","2,256.14",,-0.19%
2/8/2022,"2,260.06","2,264.86","2,265.06","2,258.73",,-0.05%
2/7/2022,"2,261.12","2,262.11","2,266.20","2,260.78",,0.04%
2/4/2022,"2,260.16","2,259.86","2,260.89","2,258.29",,0.02%
2/3/2022,"2,259.69","2,258.29","2,262.23","2,257.11",,0.14%
2/2/2022,"2,256.54","2,250.43","2,257.90","2,250.43",,-0.20%
2/1/2022,"2,260.97","2,260.97","2,260.97","2,260.97",,0.02%
1/31/2022,"2,260.47","2,264.58","2,265.76","2,245.25",,-0.03%
1/28/2022,"2,261.26","2,260.03","2,263.68","2,256.55",,0.17%
1/27/2022,"2,257.43","2,265.13","2,270.22","2,258.17",,-0.56%
1/26/2022,"2,270.14","2,269.75","2,271.61","2,264.35",,0.08%
1/25/2022,"2,268.24","2,266.33","2,269.95","2,265.15",,0.14%
1/24/2022,"2,265.01","2,263.24","2,267.84","2,258.89",,0.17%
1/21/2022,"2,261.22","2,259.68","2,264.57","2,259.14",,0.03%
1/20/2022,"2,260.51","2,264.00","2,264.69","2,258.24",,-0.11%
1/19/2022,"2,263.09","2,256.69","2,264.42","2,254.21",,0.30%
1/18/2022,"2,256.27","2,255.81","2,261.75","2,253.76",,0.07%
1/17/2022,"2,254.58","2,248.47","2,258.24","2,247.20",,0.20%
1/14/2022,"2,250.08","2,247.03","2,255.54","2,243.68",,0.15%
1/13/2022,"2,246.78","2,251.83","2,252.52","2,245.98",,-0.20%
1/12/2022,"2,251.21","2,245.72","2,252.39","2,244.24",,0.36%
1/11/2022,"2,243.24","2,245.30","2,246.46","2,239.69",,0.00%
1/10/2022,"2,243.29","2,252.37","2,253.30","2,243.24",,-0.32%
1/7/2022,"2,250.46","2,256.35","2,256.94","2,249.39",,-0.16%
1/6/2022,"2,254.14","2,253.68","2,261.46","2,253.26",,-0.06%
1/5/2022,"2,255.41","2,244.45","2,256.66","2,244.02",,0.52%
1/4/2022,"2,243.84","2,238.91","2,247.80","2,237.02",,0.05%
1/3/2022,"2,242.73","2,242.73","2,246.11","2,241.78",,0.10%
12/31/2021,"2,240.53","2,237.62","2,248.58","2,233.11",,0.16%
12/30/2021,"2,236.91","2,237.33","2,242.07","2,234.00",,-0.03%
12/29/2021,"2,237.47","2,233.97","2,240.69","2,232.35",,0.18%
12/28/2021,"2,233.47","2,232.87","2,235.98","2,231.09",,0.05%
12/27/2021,"2,232.42","2,232.30","2,235.61","2,230.50",,-0.03%
12/24/2021,"2,233.01","2,236.11","2,237.08","2,225.91",,-0.15%
12/23/2021,"2,236.26","2,243.48","2,243.55","2,231.84",,-0.28%
12/22/2021,"2,242.44","2,247.72","2,247.72","2,233.60",,-0.16%
12/21/2021,"2,246.06","2,255.47","2,258.32","2,244.55",,-0.38%
12/20/2021,"2,254.62","2,250.97","2,256.78","2,250.32",,0.09%
12/17/2021,"2,252.70","2,251.89","2,259.64","2,250.38",,0.06%
12/16/2021,"2,251.46","2,251.25","2,257.55","2,247.99",,0.05%
12/15/2021,"2,250.38","2,251.88","2,254.41","2,250.13",,0.00%
12/14/2021,"2,250.31","2,251.04","2,255.73","2,249.67",,-0.02%
12/13/2021,"2,250.82","2,257.57","2,260.38","2,251.03",,-0.20%
12/10/2021,"2,255.36","2,248.55","2,259.95","2,248.20",,0.24%
12/9/2021,"2,249.92","2,262.11","2,265.96","2,250.10",,-0.55%
12/8/2021,"2,262.41","2,258.19","2,263.61","2,254.22",,0.22%
12/7/2021,"2,257.38","2,265.34","2,266.86","2,256.78",,-0.27%
12/6/2021,"2,263.60","2,259.75","2,268.59","2,259.33",,0.28%
12/3/2021,"2,257.33","2,254.55","2,262.74","2,249.31",,0.15%
12/2/2021,"2,253.88","2,251.22","2,258.63","2,250.97",,0.10%
12/1/2021,"2,251.53","2,249.10","2,257.86","2,248.85",,0.07%
11/30/2021,"2,249.95","2,245.26","2,251.61","2,242.10",,0.38%
11/29/2021,"2,241.42","2,238.77","2,251.96","2,238.74",,0.22%
11/26/2021,"2,236.61","2,234.14","2,245.41","2,232.46",,0.13%
11/25/2021,"2,233.69","2,230.73","2,237.67","2,230.72",,0.18%
11/24/2021,"2,229.78","2,231.36","2,234.76","2,230.29",,0.00%
11/23/2021,"2,229.89","2,231.26","2,236.51","2,228.86",,-0.03%
11/22/2021,"2,230.45","2,227.85","2,235.04","2,227.83",,0.09%
11/19/2021,"2,228.40","2,228.65","2,232.21","2,226.23",,0.06%
11/18/2021,"2,227.15","2,233.08","2,234.42","2,226.59",,-0.24%
11/17/2021,"2,232.53","2,226.00","2,234.62","2,225.71",,0.38%
11/16/2021,"2,224.03","2,226.99","2,231.97","2,222.78",,-0.08%
11/15/2021,"2,225.88","2,230.98","2,231.02","2,222.82",,-0.21%
11/12/2021,"2,230.67","2,229.82","2,231.94","2,224.80",,-0.02%
11/11/2021,"2,231.16","2,230.84","2,233.99","2,223.55",,0.04%
11/10/2021,"2,230.22","2,227.90","2,233.13","2,226.94",,0.14%
11/9/2021,"2,227.09","2,230.40","2,231.05","2,224.24",,-0.09%
11/8/2021,"2,229.02","2,239.81","2,240.90","2,227.50",,-0.42%
11/5/2021,"2,238.35","2,241.41","2,248.18","2,236.57",,-0.10%
11/4/2021,"2,240.54","2,235.36","2,244.76","2,228.83",,0.42%
11/3/2021,"2,231.12","2,226.63","2,237.45","2,226.21",,0.21%
11/2/2021,"2,226.39","2,227.35","2,230.08","2,224.98",,0.00%
11/1/2021,"2,226.41","2,211.60","2,228.21","2,211.19",,0.70%
10/29/2021,"2,211.04","2,216.84","2,218.79","2,210.43",,-0.26%
10/28/2021,"2,216.83","2,215.28","2,220.39","2,212.78",,0.03%
10/27/2021,"2,216.17","2,217.92","2,223.99","2,214.83",,-0.01%
10/26/2021,"2,216.48","2,218.18","2,221.11","2,215.37",,0.00%
10/25/2021,"2,216.57","2,210.98","2,223.84","2,209.52",,0.25%
10/22/2021,"2,211.09","2,209.77","2,216.50","2,207.25",,0.13%
10/21/2021,"2,208.32","2,201.36","2,212.67","2,201.17",,0.35%
10/20/2021,"2,200.52","2,205.58","2,205.58","2,200.03",,-0.19%
10/19/2021,"2,204.73","2,194.45","2,206.29","2,191.72",,0.52%
10/18/2021,"2,193.38","2,187.61","2,195.22","2,182.09",,0.35%
10/15/2021,"2,185.70","2,193.61","2,194.37","2,184.39",,-0.25%
10/14/2021,"2,191.12","2,209.84","2,210.42","2,189.55",,-0.89%
10/13/2021,"2,210.73","2,204.07","2,212.75","2,203.50",,0.30%
10/12/2021,"2,204.08","2,199.66","2,205.64","2,199.50",,0.10%
10/11/2021,"2,201.92","2,207.60","2,210.29","2,202.50",,-0.22%
10/8/2021,"2,206.70","2,204.33","2,208.72","2,200.96",,0.10%
10/7/2021,"2,204.53","2,210.45","2,211.61","2,204.55",,-0.25%
10/6/2021,"2,209.95","2,208.90","2,212.00","2,207.04",,0.01%
10/5/2021,"2,209.64","2,213.55","2,214.33","2,209.75",,-0.12%
10/4/2021,"2,212.28","2,219.37","2,223.87","2,211.69",,-0.28%
10/1/2021,"2,218.48","2,219.76","2,222.86","2,218.99",,-0.04%
9/30/2021,"2,219.26","2,208.67","2,221.37","2,207.28",,0.51%
9/29/2021,"2,207.97","2,209.02","2,214.92","2,203.89",,-0.05%
9/28/2021,"2,208.98","2,206.38","2,212.83","2,205.98",,0.11%
9/27/2021,"2,206.57","2,208.46","2,210.66","2,204.46",,0.11%
9/24/2021,"2,204.13","2,204.64","2,207.67","2,202.12",,-0.02%
9/23/2021,"2,204.64","2,201.23","2,207.71","2,200.49",,0.11%
9/22/2021,"2,202.19","2,201.82","2,205.02","2,198.88",,0.05%
9/21/2021,"2,201.18","2,204.52","2,205.29","2,201.51",,-0.03%
9/20/2021,"2,201.95","2,206.84","2,209.55","2,201.82",,0.11%
9/17/2021,"2,199.63","2,208.08","2,210.95","2,198.77",,-0.30%
9/16/2021,"2,206.22","2,213.76","2,215.04","2,206.20",,-0.33%
9/15/2021,"2,213.59","2,211.16","2,215.13","2,210.06",,0.08%
9/14/2021,"2,211.78","2,210.31","2,213.98","2,208.31",,0.15%
9/13/2021,"2,208.45","2,203.87","2,211.54","2,201.80",,0.23%
9/10/2021,"2,203.36","2,207.29","2,211.71","2,203.22",,-0.12%
9/9/2021,"2,206.09","2,205.58","2,210.83","2,204.92",,0.05%
9/8/2021,"2,205.06","2,198.60","2,209.33","2,198.60",,0.35%
9/7/2021,"2,197.31","2,203.33","2,203.63","2,196.81",,-0.14%
9/6/2021,"2,200.49","2,209.87","2,210.57","2,200.77",,-0.42%
9/3/2021,"2,209.82","2,210.98","2,216.98","2,206.09",,-0.01%
9/2/2021,"2,209.94","2,210.91","2,211.83","2,206.66",,-0.01%
9/1/2021,"2,210.08","2,208.00","2,214.28","2,205.41",,0.10%
8/31/2021,"2,207.86","2,221.71","2,222.32","2,206.27",,-0.62%
8/30/2021,"2,221.60","2,229.74","2,230.30","2,220.23",,-0.25%
8/27/2021,"2,227.11","2,224.43","2,228.25","2,221.72",,0.15%
8/26/2021,"2,223.85","2,224.40","2,227.51","2,221.03",,0.05%
8/25/2021,"2,222.69","2,224.01","2,227.09","2,221.05",,-0.04%
8/24/2021,"2,223.49","2,224.51","2,225.32","2,217.79",,0.03%
8/23/2021,"2,222.91","2,226.37","2,227.58","2,217.86",,0.02%
8/20/2021,"2,222.46","2,217.14","2,227.96","2,214.11",,0.25%
8/19/2021,"2,216.92","2,216.39","2,222.06","2,213.22",,0.05%
8/18/2021,"2,215.78","2,215.81","2,221.14","2,215.42",,0.02%
8/17/2021,"2,215.27","2,218.36","2,219.32","2,214.84",,-0.18%
8/16/2021,"2,219.24","2,221.19","2,222.78","2,217.82",,-0.06%
8/13/2021,"2,220.59","2,220.26","2,221.97","2,217.81",,0.06%
8/12/2021,"2,219.17","2,220.66","2,224.82","2,217.94",,0.00%
8/11/2021,"2,219.14","2,217.95","2,221.18","2,216.29",,0.11%
8/10/2021,"2,216.81","2,215.54","2,223.29","2,213.95",,0.14%
8/9/2021,"2,213.69","2,213.70","2,221.87","2,213.19",,0.03%
8/6/2021,"2,212.97","2,218.16","2,224.07","2,213.25",,-0.28%
8/5/2021,"2,219.13","2,213.13","2,221.81","2,213.03",,0.29%
8/4/2021,"2,212.77","2,217.98","2,219.79","2,213.14",,-0.15%
8/3/2021,"2,216.11","2,230.66","2,231.30","2,216.33",,-0.69%
8/2/2021,"2,231.44","2,238.27","2,238.86","2,230.95",,-0.28%
7/30/2021,"2,237.70","2,240.31","2,242.84","2,233.92",,-0.22%
7/29/2021,"2,242.67","2,231.99","2,243.82","2,231.99",,0.50%
7/28/2021,"2,231.48","2,226.36","2,232.59","2,226.19",,0.28%
7/27/2021,"2,225.16","2,236.32","2,237.91","2,225.03",,-0.37%
7/26/2021,"2,233.53","2,236.84","2,239.99","2,231.64",,-0.09%
7/23/2021,"2,235.46","2,238.98","2,242.08","2,235.51",,-0.09%
7/22/2021,"2,237.54","2,248.53","2,249.61","2,237.82",,-0.44%
7/21/2021,"2,247.43","2,240.82","2,249.40","2,239.82",,0.42%
7/20/2021,"2,238.07","2,237.97","2,241.55","2,236.56",,0.10%
7/19/2021,"2,235.93","2,237.82","2,243.80","2,235.25",,-0.05%
7/16/2021,"2,236.95","2,240.21","2,249.56","2,237.33",,-0.13%
7/15/2021,"2,239.79","2,241.18","2,245.98","2,237.79",,0.10%
7/14/2021,"2,237.59","2,234.06","2,245.03","2,233.00",,0.09%
7/13/2021,"2,235.59","2,240.00","2,245.08","2,233.55",,-0.08%
7/12/2021,"2,237.49","2,243.20","2,244.77","2,234.64",,-0.19%
7/9/2021,"2,241.82","2,239.75","2,244.71","2,237.75",,0.22%
7/8/2021,"2,237.01","2,235.94","2,247.41","2,229.85",,0.02%
7/7/2021,"2,236.60","2,234.22","2,243.81","2,233.91",,0.24%
7/6/2021,"2,231.15","2,240.59","2,243.18","2,232.67",,-0.35%
7/5/2021,"2,238.96","2,246.27","2,248.55","2,238.07",,-0.24%
7/2/2021,"2,244.36","2,241.74","2,250.67","2,239.01",,0.15%
7/1/2021,"2,241.04","2,243.83","2,251.06","2,241.29",,-0.16%
6/30/2021,"2,244.57","2,241.06","2,255.21","2,240.99",,0.20%
6/29/2021,"2,240.10","2,236.43","2,245.04","2,234.95",,0.16%
6/28/2021,"2,236.44","2,232.87","2,242.29","2,230.08",,0.16%
6/25/2021,"2,232.89","2,233.48","2,239.00","2,229.80",,0.14%
6/24/2021,"2,229.76","2,227.93","2,234.58","2,225.21",,0.05%
6/23/2021,"2,228.57","2,224.67","2,232.51","2,221.85",,0.31%
6/22/2021,"2,221.74","2,231.75","2,234.83","2,221.54",,-0.38%
6/21/2021,"2,230.24","2,228.44","2,240.08","2,226.13",,0.16%
6/18/2021,"2,226.63","2,226.41","2,234.58","2,225.80",,0.07%
6/17/2021,"2,225.15","2,225.58","2,240.55","2,215.68",,0.00%
6/16/2021,"2,225.09","2,221.77","2,228.51","2,220.68",,0.25%
6/15/2021,"2,219.45","2,217.20","2,226.18","2,216.30",,0.04%
6/14/2021,"2,218.51","2,219.21","2,224.28","2,218.81",,0.08%
6/11/2021,"2,216.63","2,230.74","2,231.33","2,216.86",,-0.51%
6/10/2021,"2,228.01","2,231.70","2,234.77","2,227.20",,-0.11%
6/9/2021,"2,230.57","2,227.44","2,233.71","2,226.81",,0.20%
6/8/2021,"2,226.21","2,231.72","2,233.15","2,226.10",,-0.11%
6/7/2021,"2,228.68","2,234.98","2,235.18","2,225.60",,-0.25%
6/4/2021,"2,234.21","2,230.38","2,237.53","2,228.89",,0.20%
6/3/2021,"2,229.86","2,237.86","2,240.88","2,230.08",,-0.31%
6/2/2021,"2,236.86","2,238.95","2,240.46","2,231.96",,0.03%
6/1/2021,"2,236.13","2,242.60","2,244.88","2,236.22",,-0.20%
5/31/2021,"2,240.59","2,242.90","2,248.64","2,239.75",,-0.06%
5/28/2021,"2,241.97","2,238.36","2,246.86","2,237.54",,0.20%
5/27/2021,"2,237.59","2,240.54","2,243.83","2,236.52",,-0.14%
5/26/2021,"2,240.80","2,234.83","2,243.50","2,234.78",,0.30%
5/25/2021,"2,234.09","2,239.08","2,241.04","2,227.33",,-0.04%
5/24/2021,"2,234.89","2,229.47","2,237.25","2,227.32",,0.21%
5/21/2021,"2,230.17","2,234.40","2,237.06","2,228.67",,-0.12%
5/20/2021,"2,232.79","2,219.50","2,237.59","2,217.76",,0.66%
5/19/2021,"2,218.06","2,221.54","2,228.30","2,217.39",,-0.11%
5/18/2021,"2,220.53","2,219.93","2,226.57","2,219.33",,0.13%
5/17/2021,"2,217.56","2,203.95","2,220.80","2,203.21",,0.57%
5/14/2021,"2,205.05","2,201.99","2,208.30","2,200.89",,0.25%
5/13/2021,"2,199.65","2,199.61","2,202.14","2,197.96",,0.07%
5/12/2021,"2,198.22","2,208.15","2,208.83","2,198.25",,-0.43%
5/11/2021,"2,207.69","2,208.92","2,213.18","2,206.16",,-0.19%
5/10/2021,"2,211.92","2,220.36","2,222.86","2,199.08",,-0.34%
5/7/2021,"2,219.46","2,214.44","2,221.10","2,204.26",,0.28%
5/6/2021,"2,213.27","2,227.36","2,229.16","2,209.14",,-0.70%
5/5/2021,"2,228.92","2,230.64","2,232.18","2,228.47",,0.04%
5/4/2021,"2,228.14","2,233.73","2,234.50","2,226.39",,-0.14%
5/3/2021,"2,231.23","2,232.18","2,236.81","2,231.79",,0.03%
4/30/2021,"2,230.46","2,232.94","2,242.71","2,228.42",,-0.04%
4/29/2021,"2,231.44","2,239.57","2,242.47","2,228.70",,-0.23%
4/28/2021,"2,236.68","2,233.10","2,239.85","2,231.50",,0.14%
4/27/2021,"2,233.46","2,233.10","2,236.75","2,230.94",,0.05%
4/26/2021,"2,232.29","2,239.56","2,239.78","2,230.79",,-0.13%
4/23/2021,"2,235.12","2,236.40","2,241.43","2,234.83",,-0.03%
4/22/2021,"2,235.90","2,239.13","2,242.67","2,235.29",,-0.07%
4/21/2021,"2,237.54","2,229.87","2,240.99","2,229.87",,0.35%
4/20/2021,"2,229.69","2,235.65","2,238.80","2,228.67",,-0.17%
4/19/2021,"2,233.57","2,230.70","2,236.80","2,225.32",,0.04%
4/16/2021,"2,232.58","2,237.23","2,240.17","2,229.00",,-0.24%
4/15/2021,"2,238.03","2,236.00","2,240.74","2,232.45",,0.10%
4/14/2021,"2,235.83","2,233.13","2,238.11","2,230.83",,0.23%
4/13/2021,"2,230.68","2,229.55","2,234.79","2,227.38",,0.18%
4/12/2021,"2,226.70","2,220.81","2,232.60","2,220.02",,0.23%
4/9/2021,"2,221.61","2,219.90","2,225.28","2,217.56",,0.17%
4/8/2021,"2,217.75","2,213.23","2,227.03","2,212.81",,0.15%
4/7/2021,"2,214.41","2,217.98","2,219.88","2,211.81",,-0.09%
4/6/2021,"2,216.45","2,214.48","2,218.28","2,209.13",,0.35%
4/5/2021,"2,208.66","2,211.02","2,213.30","2,209.50",,-0.07%
4/2/2021,"2,210.18","2,212.93","2,214.92","2,211.01",,-0.05%
4/1/2021,"2,211.39","2,215.67","2,222.75","2,208.46",,-0.19%
3/31/2021,"2,215.61","2,204.40","2,222.80","2,203.32",,0.63%
3/30/2021,"2,201.63","2,195.69","2,207.95","2,195.23",,0.20%
3/29/2021,"2,197.33","2,203.99","2,207.77","2,197.07",,-0.25%
3/26/2021,"2,202.76","2,205.96","2,210.36","2,202.29",,0.02%
3/25/2021,"2,202.40","2,209.63","2,214.94","2,202.88",,-0.32%
3/24/2021,"2,209.56","2,208.15","2,217.09","2,206.22",,0.06%
3/23/2021,"2,208.14","2,213.63","2,215.89","2,208.50",,-0.20%
3/22/2021,"2,212.49","2,212.74","2,220.60","2,211.38",,0.04%
3/19/2021,"2,211.64","2,212.94","2,222.66","2,211.02",,0.01%
3/18/2021,"2,211.40","2,221.96","2,222.35","2,212.66",,-0.27%
3/17/2021,"2,217.46","2,215.01","2,225.39","2,214.18",,0.20%
3/16/2021,"2,213.14","2,217.25","2,219.36","2,213.80",,-0.06%
3/15/2021,"2,214.45","2,214.92","2,218.10","2,211.98",,0.23%
3/12/2021,"2,209.32","2,222.67","2,224.07","2,208.82",,-0.32%
3/11/2021,"2,216.49","2,217.35","2,222.24","2,215.25",,0.19%
3/10/2021,"2,212.30","2,212.37","2,217.33","2,208.41",,0.06%
3/9/2021,"2,211.02","2,200.42","2,217.10","2,194.18",,0.57%
3/8/2021,"2,198.53","2,201.10","2,209.36","2,197.32",,-0.04%
3/5/2021,"2,199.31","2,204.81","2,218.21","2,200.27",,-0.21%
3/4/2021,"2,203.85","2,201.12","2,211.43","2,200.60",,0.10%
3/3/2021,"2,201.54","2,214.91","2,217.04","2,200.32",,-0.35%
3/2/2021,"2,209.35","2,204.61","2,215.09","2,202.11",,0.27%
3/1/2021,"2,203.43","2,204.83","2,214.10","2,201.40",,0.23%
2/26/2021,"2,198.45","2,172.41","2,208.66","2,172.20",,0.80%
2/25/2021,"2,181.02","2,181.50","2,186.25","2,180.65",,0.03%
2/24/2021,"2,180.41","2,183.04","2,185.36","2,177.10",,0.11%
2/23/2021,"2,178.08","2,186.15","2,187.78","2,177.91",,-0.17%
2/22/2021,"2,181.85","2,177.74","2,185.61","2,177.14",,0.24%
2/19/2021,"2,176.54","2,167.36","2,180.52","2,165.88",,0.82%
2/18/2021,"2,158.87","2,174.64","2,179.66","2,160.96",,-0.42%
2/17/2021,"2,167.99","2,160.82","2,174.92","2,160.82",,0.65%
2/16/2021,"2,154.07","2,151.53","2,158.11","2,147.04",,0.07%
2/15/2021,"2,152.52","2,163.53","2,163.53","2,151.76",,-0.51%
2/12/2021,"2,163.53","2,163.53","2,163.53","2,163.53",,0.08%
2/11/2021,"2,161.80","2,165.07","2,168.34","2,162.36",,-0.12%
2/10/2021,"2,164.49","2,174.35","2,175.16","2,164.45",,-0.42%
2/9/2021,"2,173.68","2,171.28","2,176.18","2,168.23",,0.22%
2/8/2021,"2,168.96","2,171.16","2,172.78","2,165.21",,0.05%
2/5/2021,"2,167.93","2,166.91","2,172.17","2,164.28",,0.15%
2/4/2021,"2,164.71","2,167.82","2,174.55","2,165.69",,-0.08%
2/3/2021,"2,166.38","2,172.40","2,172.40","2,165.98",,-0.21%
2/2/2021,"2,170.85","2,168.52","2,175.57","2,167.86",,0.24%
2/1/2021,"2,165.71","2,181.67","2,181.71","2,166.44",,-0.67%
1/29/2021,"2,180.23","2,179.28","2,184.56","2,170.60",,0.09%
1/28/2021,"2,178.29","2,164.94","2,182.24","2,163.29",,0.65%
1/27/2021,"2,164.23","2,176.69","2,179.72","2,165.50",,-0.32%
1/26/2021,"2,171.09","2,164.57","2,178.26","2,164.25",,0.44%
1/25/2021,"2,161.64","2,164.23","2,173.21","2,162.68",,-0.05%
1/22/2021,"2,162.65","2,166.51","2,173.51","2,163.14",,0.00%
1/21/2021,"2,162.58","2,172.94","2,173.14","2,164.97",,-0.23%
1/20/2021,"2,167.59","2,171.61","2,174.55","2,168.07",,-0.03%
1/19/2021,"2,168.14","2,167.11","2,174.05","2,166.33",,0.15%
1/18/2021,"2,164.81","2,162.90","2,175.22","2,161.68",,0.15%
1/15/2021,"2,161.47","2,173.51","2,174.28","2,163.09",,-0.38%
1/14/2021,"2,169.72","2,174.03","2,180.07","2,170.62",,-0.14%
1/13/2021,"2,172.87","2,190.22","2,190.90","2,172.32",,-0.49%
1/12/2021,"2,183.66","2,180.23","2,197.33","2,179.56",,0.53%
1/11/2021,"2,172.17","2,163.60","2,186.72","2,159.19",,0.62%
1/8/2021,"2,158.74","2,147.42","2,174.64","2,147.27",,0.68%
1/7/2021,"2,144.21","2,151.26","2,159.98","2,146.77",,-0.14%
1/6/2021,"2,147.28","2,155.33","2,158.22","2,149.50",,-0.25%
1/5/2021,"2,152.64","2,150.83","2,164.97","2,149.13",,0.20%
1/4/2021,"2,148.35","2,155.99","2,160.41","2,134.64",,-1.26%
1/1/2021,"2,175.68","2,152.70","2,175.75","2,130.57",,1.17%
